{
  "project_info": {
    "project_number": "235093790484",
    "project_id": "cryptoapp-854d3",
    "storage_bucket": "cryptoapp-854d3.appspot.com"
  },
  "client": [
    {
      "client_info": {
        "mobilesdk_app_id": "1:235093790484:android:0ab137609a9e194d127c01",
        "android_client_info": {
          "package_name": "com.example.cryptoporto"
        }
      },
      "oauth_client": [],
      "api_key": [
        {
          "current_key": "AIzaSyDo6XmnU0mRvHF95lHW6VPFJeezH-Ew454"
        }
      ],
      "services": {
        "appinvite_service": {
          "other_platform_oauth_client": []
        }
      }
    },
    {
      "client_info": {
        "mobilesdk_app_id": "1:235093790484:android:37c299eb5f5073d7127c01",
        "android_client_info": {
          "package_name": "com.example.portocrypto"
        }
      },
      "oauth_client": [],
      "api_key": [
        {
          "current_key": "AIzaSyDo6XmnU0mRvHF95lHW6VPFJeezH-Ew454"
        }
      ],
      "services": {
        "appinvite_service": {
          "other_platform_oauth_client": []
        }
      }
    }
  ],
  "configuration_version": "1"
}